{"v":"5.7.1","fr":29.9700012207031,"ip":0,"op":150.000006109625,"w":512,"h":512,"nm":"visual ","ddd":0,"assets":[],"layers":[{"ddd":0,"ind":2,"ty":4,"nm":"visual 3","sr":1,"ks":{"o":{"a":0,"k":100,"ix":11},"r":{"a":0,"k":0,"ix":10},"p":{"a":0,"k":[255.372,245.625,0],"ix":2},"a":{"a":0,"k":[202.917,219.542,0],"ix":1},"s":{"a":0,"k":[100,100,100],"ix":6}},"ao":0,"shapes":[{"ty":"gr","it":[{"ind":0,"ty":"sh","ix":1,"ks":{"a":0,"k":{"i":[[0,-7.456],[7.456,0],[0,7.456],[-7.456,0]],"o":[[0,7.456],[-7.456,0],[0,-7.456],[7.456,0]],"v":[[13.5,0],[0,13.5],[-13.5,0],[0,-13.5]],"c":true},"ix":2},"nm":"Path 1","mn":"ADBE Vector Shape - Group","hd":false},{"ty":"fl","c":{"a":0,"k":[0.399993896484,0.988220214844,0.945098876953,1],"ix":4},"o":{"a":0,"k":100,"ix":5},"r":1,"bm":0,"nm":"Fill 1","mn":"ADBE Vector Graphic - Fill","hd":false},{"ty":"tr","p":{"a":0,"k":[98.545,13.75],"ix":2},"a":{"a":0,"k":[0,0],"ix":1},"s":{"a":0,"k":[100,100],"ix":3},"r":{"a":0,"k":0,"ix":6},"o":{"a":0,"k":100,"ix":7},"sk":{"a":0,"k":0,"ix":4},"sa":{"a":0,"k":0,"ix":5},"nm":"Transform"}],"nm":"Group 3","np":2,"cix":2,"bm":0,"ix":1,"mn":"ADBE Vector Group","hd":false},{"ty":"gr","it":[{"ind":0,"ty":"sh","ix":1,"ks":{"a":0,"k":{"i":[[0,-7.456],[7.456,0],[0,7.456],[-7.456,0]],"o":[[0,7.456],[-7.456,0],[0,-7.456],[7.456,0]],"v":[[13.5,0],[0,13.5],[-13.5,0],[0,-13.5]],"c":true},"ix":2},"nm":"Path 1","mn":"ADBE Vector Shape - Group","hd":false},{"ty":"fl","c":{"a":0,"k":[0.399993896484,0.988220214844,0.945098876953,1],"ix":4},"o":{"a":0,"k":100,"ix":5},"r":1,"bm":0,"nm":"Fill 1","mn":"ADBE Vector Graphic - Fill","hd":false},{"ty":"tr","p":{"a":0,"k":[57.128,13.75],"ix":2},"a":{"a":0,"k":[0,0],"ix":1},"s":{"a":0,"k":[100,100],"ix":3},"r":{"a":0,"k":0,"ix":6},"o":{"a":0,"k":100,"ix":7},"sk":{"a":0,"k":0,"ix":4},"sa":{"a":0,"k":0,"ix":5},"nm":"Transform"}],"nm":"Group 4","np":2,"cix":2,"bm":0,"ix":2,"mn":"ADBE Vector Group","hd":false},{"ty":"gr","it":[{"ind":0,"ty":"sh","ix":1,"ks":{"a":0,"k":{"i":[[0,-7.456],[7.456,0],[0,7.456],[-7.456,0]],"o":[[0,7.456],[-7.456,0],[0,-7.456],[7.456,0]],"v":[[13.5,0],[0,13.5],[-13.5,0],[0,-13.5]],"c":true},"ix":2},"nm":"Path 1","mn":"ADBE Vector Shape - Group","hd":false},{"ty":"fl","c":{"a":0,"k":[0.399993896484,0.988220214844,0.945098876953,1],"ix":4},"o":{"a":0,"k":100,"ix":5},"r":1,"bm":0,"nm":"Fill 1","mn":"ADBE Vector Graphic - Fill","hd":false},{"ty":"tr","p":{"a":0,"k":[15.711,13.75],"ix":2},"a":{"a":0,"k":[0,0],"ix":1},"s":{"a":0,"k":[100,100],"ix":3},"r":{"a":0,"k":0,"ix":6},"o":{"a":0,"k":100,"ix":7},"sk":{"a":0,"k":0,"ix":4},"sa":{"a":0,"k":0,"ix":5},"nm":"Transform"}],"nm":"Group 5","np":2,"cix":2,"bm":0,"ix":3,"mn":"ADBE Vector Group","hd":false},{"ty":"gr","it":[{"ind":0,"ty":"sh","ix":1,"ks":{"a":0,"k":{"i":[[4.845,0],[0,0],[0,4.846],[0,0],[-4.846,0],[0,0],[0,-4.846],[0,0]],"o":[[0,0],[-4.846,0],[0,0],[0,-4.846],[0,0],[4.845,0],[0,0],[0,4.846]],"v":[[191.606,191.916],[-191.607,191.916],[-200.417,183.106],[-200.417,-183.106],[-191.607,-191.916],[191.606,-191.916],[200.416,-183.106],[200.416,183.106]],"c":true},"ix":2},"nm":"Path 1","mn":"ADBE Vector Shape - Group","hd":false},{"ty":"st","c":{"a":0,"k":[0.411773681641,0.980377197266,0.952941894531,1],"ix":3},"o":{"a":0,"k":100,"ix":4},"w":{"a":0,"k":1,"ix":5},"lc":1,"lj":1,"ml":10,"bm":0,"nm":"Stroke 1","mn":"ADBE Vector Graphic - Stroke","hd":false},{"ty":"tr","p":{"a":0,"k":[202.917,244.667],"ix":2},"a":{"a":0,"k":[0,0],"ix":1},"s":{"a":0,"k":[100,100],"ix":3},"r":{"a":0,"k":0,"ix":6},"o":{"a":0,"k":100,"ix":7},"sk":{"a":0,"k":0,"ix":4},"sa":{"a":0,"k":0,"ix":5},"nm":"Transform"}],"nm":"Group 6","np":2,"cix":2,"bm":0,"ix":4,"mn":"ADBE Vector Group","hd":false}],"ip":0,"op":479.00001951007,"st":0,"bm":0},{"ddd":0,"ind":3,"ty":4,"nm":"parpado 3","sr":1,"ks":{"o":{"a":0,"k":100,"ix":11},"r":{"a":0,"k":0,"ix":10},"p":{"a":0,"k":[255.372,270.75,0],"ix":2},"a":{"a":0,"k":[202.916,244.667,0],"ix":1},"s":{"a":0,"k":[100,100,100],"ix":6}},"ao":0,"shapes":[{"ty":"gr","it":[{"ind":0,"ty":"sh","ix":1,"ks":{"a":1,"k":[{"i":{"x":0.833,"y":0.833},"o":{"x":0.167,"y":0.167},"t":50,"s":[{"i":[[7.632,14.75],[-60.019,0.02],[-2.625,-8],[75.875,0]],"o":[[5.007,-10.375],[75.875,-0.024],[-3,11.375],[-63.625,0]],"v":[[-127.628,-2.613],[-5.871,-78.738],[127.628,-2.613],[-5.871,78.762]],"c":true}]},{"i":{"x":0.833,"y":0.833},"o":{"x":0.167,"y":0.167},"t":55,"s":[{"i":[[7.632,14.75],[-60.019,0.02],[-7,13.375],[75.875,0]],"o":[[5.757,9.875],[75.875,-0.024],[-3,11.375],[-63.625,0]],"v":[[-127.628,-2.613],[-4.871,80.262],[127.628,-2.613],[-5.871,78.762]],"c":true}]},{"i":{"x":0.833,"y":0.833},"o":{"x":0.167,"y":0.167},"t":60,"s":[{"i":[[7.632,14.75],[-60.019,0.02],[-2.625,-8],[75.875,0]],"o":[[5.007,-10.375],[75.875,-0.024],[-3,11.375],[-63.625,0]],"v":[[-127.628,-2.613],[-5.871,-78.738],[127.628,-2.613],[-5.871,78.762]],"c":true}]},{"i":{"x":0.833,"y":0.833},"o":{"x":0.167,"y":0.167},"t":117,"s":[{"i":[[7.632,14.75],[-60.019,0.02],[-2.625,-8],[75.875,0]],"o":[[5.007,-10.375],[75.875,-0.024],[-3,11.375],[-63.625,0]],"v":[[-127.628,-2.613],[-5.871,-78.738],[127.628,-2.613],[-5.871,78.762]],"c":true}]},{"i":{"x":0.833,"y":0.833},"o":{"x":0.167,"y":0.167},"t":122,"s":[{"i":[[7.632,14.75],[-60.019,0.02],[-7,13.375],[75.875,0]],"o":[[5.757,9.875],[75.875,-0.024],[-3,11.375],[-63.625,0]],"v":[[-127.628,-2.613],[-4.871,80.262],[127.628,-2.613],[-5.871,78.762]],"c":true}]},{"t":127.000005172816,"s":[{"i":[[7.632,14.75],[-60.019,0.02],[-2.625,-8],[75.875,0]],"o":[[5.007,-10.375],[75.875,-0.024],[-3,11.375],[-63.625,0]],"v":[[-127.628,-2.613],[-5.871,-78.738],[127.628,-2.613],[-5.871,78.762]],"c":true}]}],"ix":2},"nm":"Path 1","mn":"ADBE Vector Shape - Group","hd":false},{"ty":"st","c":{"a":0,"k":[0.411773681641,0.980377197266,0.952941894531,1],"ix":3},"o":{"a":0,"k":100,"ix":4},"w":{"a":0,"k":4,"ix":5},"lc":1,"lj":1,"ml":10,"bm":0,"nm":"Stroke 1","mn":"ADBE Vector Graphic - Stroke","hd":false},{"ty":"tr","p":{"a":0,"k":[202.916,244.655],"ix":2},"a":{"a":0,"k":[0,0],"ix":1},"s":{"a":0,"k":[100,100],"ix":3},"r":{"a":0,"k":0,"ix":6},"o":{"a":0,"k":100,"ix":7},"sk":{"a":0,"k":0,"ix":4},"sa":{"a":0,"k":0,"ix":5},"nm":"Transform"}],"nm":"Group 2","np":2,"cix":2,"bm":0,"ix":1,"mn":"ADBE Vector Group","hd":false}],"ip":0,"op":479.00001951007,"st":0,"bm":0},{"ddd":0,"ind":4,"ty":4,"nm":"parpado 2","td":1,"sr":1,"ks":{"o":{"a":0,"k":100,"ix":11},"r":{"a":0,"k":0,"ix":10},"p":{"a":0,"k":[255.372,270.75,0],"ix":2},"a":{"a":0,"k":[202.916,244.667,0],"ix":1},"s":{"a":0,"k":[100,100,100],"ix":6}},"ao":0,"shapes":[{"ty":"gr","it":[{"ind":0,"ty":"sh","ix":1,"ks":{"a":1,"k":[{"i":{"x":0.833,"y":0.833},"o":{"x":0.167,"y":0.167},"t":50,"s":[{"i":[[7.632,14.75],[-60.019,0.02],[-2.625,-8],[75.875,0]],"o":[[5.007,-10.375],[75.875,-0.024],[-3,11.375],[-63.625,0]],"v":[[-127.628,-2.613],[-5.871,-78.738],[127.628,-2.613],[-5.871,78.762]],"c":true}]},{"i":{"x":0.833,"y":0.833},"o":{"x":0.167,"y":0.167},"t":55,"s":[{"i":[[7.632,14.75],[-60.019,0.02],[-7,13.375],[75.875,0]],"o":[[5.757,9.875],[75.875,-0.024],[-3,11.375],[-63.625,0]],"v":[[-127.628,-2.613],[-4.871,80.262],[127.628,-2.613],[-5.871,78.762]],"c":true}]},{"i":{"x":0.833,"y":0.833},"o":{"x":0.167,"y":0.167},"t":60,"s":[{"i":[[7.632,14.75],[-60.019,0.02],[-2.625,-8],[75.875,0]],"o":[[5.007,-10.375],[75.875,-0.024],[-3,11.375],[-63.625,0]],"v":[[-127.628,-2.613],[-5.871,-78.738],[127.628,-2.613],[-5.871,78.762]],"c":true}]},{"i":{"x":0.833,"y":0.833},"o":{"x":0.167,"y":0.167},"t":117,"s":[{"i":[[7.632,14.75],[-60.019,0.02],[-2.625,-8],[75.875,0]],"o":[[5.007,-10.375],[75.875,-0.024],[-3,11.375],[-63.625,0]],"v":[[-127.628,-2.613],[-5.871,-78.738],[127.628,-2.613],[-5.871,78.762]],"c":true}]},{"i":{"x":0.833,"y":0.833},"o":{"x":0.167,"y":0.167},"t":122,"s":[{"i":[[7.632,14.75],[-60.019,0.02],[-7,13.375],[75.875,0]],"o":[[5.757,9.875],[75.875,-0.024],[-3,11.375],[-63.625,0]],"v":[[-127.628,-2.613],[-4.871,80.262],[127.628,-2.613],[-5.871,78.762]],"c":true}]},{"t":127.000005172816,"s":[{"i":[[7.632,14.75],[-60.019,0.02],[-2.625,-8],[75.875,0]],"o":[[5.007,-10.375],[75.875,-0.024],[-3,11.375],[-63.625,0]],"v":[[-127.628,-2.613],[-5.871,-78.738],[127.628,-2.613],[-5.871,78.762]],"c":true}]}],"ix":2},"nm":"Path 1","mn":"ADBE Vector Shape - Group","hd":false},{"ty":"fl","c":{"a":0,"k":[1,0,0,1],"ix":4},"o":{"a":0,"k":100,"ix":5},"r":1,"bm":0,"nm":"Fill 1","mn":"ADBE Vector Graphic - Fill","hd":false},{"ty":"tr","p":{"a":0,"k":[202.916,244.655],"ix":2},"a":{"a":0,"k":[0,0],"ix":1},"s":{"a":0,"k":[100,100],"ix":3},"r":{"a":0,"k":0,"ix":6},"o":{"a":0,"k":100,"ix":7},"sk":{"a":0,"k":0,"ix":4},"sa":{"a":0,"k":0,"ix":5},"nm":"Transform"}],"nm":"Group 2","np":3,"cix":2,"bm":0,"ix":1,"mn":"ADBE Vector Group","hd":false}],"ip":0,"op":479.00001951007,"st":0,"bm":0},{"ddd":0,"ind":5,"ty":4,"nm":"ojo dentro ","tt":1,"sr":1,"ks":{"o":{"a":0,"k":100,"ix":11},"r":{"a":0,"k":0,"ix":10},"p":{"a":1,"k":[{"i":{"x":0,"y":1},"o":{"x":0.277,"y":0},"t":15,"s":[199,270.75,0],"to":[29.333,18.5,0],"ti":[-18.415,27.064,0]},{"i":{"x":0.762,"y":1},"o":{"x":0.634,"y":0},"t":66.104,"s":[312,270.75,0],"to":[-15.912,27.083,0],"ti":[23.57,16.453,0]},{"t":132.00000537647,"s":[199,270.75,0]}],"ix":2},"a":{"a":0,"k":[203.545,244.667,0],"ix":1},"s":{"a":0,"k":[100,100,100],"ix":6}},"ao":0,"shapes":[{"ty":"gr","it":[{"ind":0,"ty":"sh","ix":1,"ks":{"a":0,"k":{"i":[[0,-31.02],[31.02,0],[0,31.02],[-31.02,0]],"o":[[0,31.02],[-31.02,0],[0,-31.02],[31.02,0]],"v":[[56.167,0],[0,56.167],[-56.166,0],[0,-56.167]],"c":true},"ix":2},"nm":"Path 1","mn":"ADBE Vector Shape - Group","hd":false},{"ty":"gf","o":{"a":0,"k":100,"ix":10},"r":1,"bm":0,"g":{"p":3,"k":{"a":0,"k":[0.142,0.043,0.047,0.059,0.756,0.22,0.518,0.502,1,0.396,0.988,0.945],"ix":9}},"s":{"a":0,"k":[-17.46,-15.079],"ix":5},"e":{"a":0,"k":[130.952,7.937],"ix":6},"t":2,"h":{"a":0,"k":0,"ix":7},"a":{"a":0,"k":0,"ix":8},"nm":"Gradient Fill 1","mn":"ADBE Vector Graphic - G-Fill","hd":false},{"ty":"tr","p":{"a":0,"k":[203.545,244.667],"ix":2},"a":{"a":0,"k":[0,0],"ix":1},"s":{"a":0,"k":[52,52],"ix":3},"r":{"a":0,"k":0,"ix":6},"o":{"a":0,"k":100,"ix":7},"sk":{"a":0,"k":0,"ix":4},"sa":{"a":0,"k":0,"ix":5},"nm":"Transform"}],"nm":"Group 2","np":2,"cix":2,"bm":0,"ix":1,"mn":"ADBE Vector Group","hd":false},{"ty":"gr","it":[{"ind":0,"ty":"sh","ix":1,"ks":{"a":0,"k":{"i":[[0,-31.02],[31.02,0],[0,31.02],[-31.02,0]],"o":[[0,31.02],[-31.02,0],[0,-31.02],[31.02,0]],"v":[[56.167,0],[0,56.167],[-56.166,0],[0,-56.167]],"c":true},"ix":2},"nm":"Path 1","mn":"ADBE Vector Shape - Group","hd":false},{"ty":"fl","c":{"a":0,"k":[0.274505615234,0.635284423828,0.62353515625,1],"ix":4},"o":{"a":0,"k":100,"ix":5},"r":1,"bm":0,"nm":"Fill 1","mn":"ADBE Vector Graphic - Fill","hd":false},{"ty":"tr","p":{"a":0,"k":[203.545,244.667],"ix":2},"a":{"a":0,"k":[0,0],"ix":1},"s":{"a":0,"k":[88,88],"ix":3},"r":{"a":0,"k":0,"ix":6},"o":{"a":0,"k":100,"ix":7},"sk":{"a":0,"k":0,"ix":4},"sa":{"a":0,"k":0,"ix":5},"nm":"Transform"}],"nm":"Group 3","np":2,"cix":2,"bm":0,"ix":2,"mn":"ADBE Vector Group","hd":false},{"ty":"gr","it":[{"ind":0,"ty":"sh","ix":1,"ks":{"a":0,"k":{"i":[[0,-31.02],[31.02,0],[0,31.02],[-31.02,0]],"o":[[0,31.02],[-31.02,0],[0,-31.02],[31.02,0]],"v":[[56.167,0],[0,56.167],[-56.166,0],[0,-56.167]],"c":true},"ix":2},"nm":"Path 1","mn":"ADBE Vector Shape - Group","hd":false},{"ty":"st","c":{"a":0,"k":[0.399993896484,0.988220214844,0.945098876953,1],"ix":3},"o":{"a":0,"k":100,"ix":4},"w":{"a":0,"k":0.6,"ix":5},"lc":1,"lj":1,"ml":4,"bm":0,"nm":"Stroke 1","mn":"ADBE Vector Graphic - Stroke","hd":false},{"ty":"tr","p":{"a":0,"k":[203.545,244.667],"ix":2},"a":{"a":0,"k":[0,0],"ix":1},"s":{"a":0,"k":[108,108],"ix":3},"r":{"a":0,"k":0,"ix":6},"o":{"a":0,"k":100,"ix":7},"sk":{"a":0,"k":0,"ix":4},"sa":{"a":0,"k":0,"ix":5},"nm":"Transform"}],"nm":"Group 1","np":3,"cix":2,"bm":0,"ix":3,"mn":"ADBE Vector Group","hd":false}],"ip":0,"op":479.00001951007,"st":0,"bm":0}],"markers":[]}